<?xml version="1.0" encoding="UTF-8"?>
<GenRun Id="synth_1" LaunchPart="xc7a35tcpg236-1" LaunchTime="1552105754">
  <File Type="PA-TCL" Name="top_floppy_slug.tcl"/>
  <File Type="RDS-PROPCONSTRS" Name="top_floppy_slug_drc_synth.rpt"/>
  <File Type="RDS-RDS" Name="top_floppy_slug.vds"/>
  <File Type="RDS-UTIL" Name="top_floppy_slug_utilization_synth.rpt"/>
  <File Type="RDS-UTIL-PB" Name="top_floppy_slug_utilization_synth.pb"/>
  <File Type="RDS-DCP" Name="top_floppy_slug.dcp"/>
  <File Type="VDS-TIMINGSUMMARY" Name="top_floppy_slug_timing_summary_synth.rpt"/>
  <File Type="VDS-TIMING-PB" Name="top_floppy_slug_timing_summary_synth.pb"/>
  <FileSet Name="sources" Type="DesignSrcs" RelSrcDir="$PSRCDIR/sources_1">
    <Filter Type="Srcs"/>
    <File Path="$PSRCDIR/sources_1/imports/new/Register_4bit.v">
      <FileInfo>
        <Attr Name="ImportPath" Val="$PPRDIR/../../../../../../../../../../../../../../../../../../../../../../../../../../../../../../../../../../../../../../../../../../../../Desktop/Lab6.srcs/sources_1/imports/new/Register_4bit.v"/>
        <Attr Name="ImportTime" Val="1548877608"/>
        <Attr Name="UsedIn" Val="synthesis"/>
        <Attr Name="UsedIn" Val="implementation"/>
        <Attr Name="UsedIn" Val="simulation"/>
      </FileInfo>
    </File>
    <File Path="$PSRCDIR/sources_1/imports/new/m3_1x4.v">
      <FileInfo>
        <Attr Name="ImportPath" Val="$PPRDIR/../../../../../../../../../../../../../../../../../../../../../../../../../../../../../../../../../../../../../../../../../../../../Desktop/Lab6.srcs/sources_1/imports/new/m3_1x4.v"/>
        <Attr Name="ImportTime" Val="1549413542"/>
        <Attr Name="UsedIn" Val="synthesis"/>
        <Attr Name="UsedIn" Val="implementation"/>
        <Attr Name="UsedIn" Val="simulation"/>
      </FileInfo>
    </File>
    <File Path="$PSRCDIR/sources_1/imports/imports/new/countUD4L.v">
      <FileInfo>
        <Attr Name="ImportPath" Val="$PPRDIR/../../../../../../../../../../../../../../../../../../../../../../../../../../../../../../../../../../../../../../../../../../../../Desktop/Lab6.srcs/sources_1/imports/new/countUD4L.v"/>
        <Attr Name="ImportTime" Val="1550111746"/>
        <Attr Name="UsedIn" Val="synthesis"/>
        <Attr Name="UsedIn" Val="implementation"/>
        <Attr Name="UsedIn" Val="simulation"/>
      </FileInfo>
    </File>
    <File Path="$PSRCDIR/sources_1/imports/new/m8_1e.v">
      <FileInfo>
        <Attr Name="ImportPath" Val="$PPRDIR/../../../../../../../../../../../../../Lab6/Lab6.srcs/sources_1/imports/new/m8_1e.v"/>
        <Attr Name="ImportTime" Val="1548303256"/>
        <Attr Name="UsedIn" Val="synthesis"/>
        <Attr Name="UsedIn" Val="implementation"/>
        <Attr Name="UsedIn" Val="simulation"/>
      </FileInfo>
    </File>
    <File Path="$PSRCDIR/sources_1/new/mux_16to1.v">
      <FileInfo>
        <Attr Name="ImportPath" Val="$PPRDIR/../../../../Lab 7.srcs/sources_1/new/mux_16to1.v"/>
        <Attr Name="ImportTime" Val="1552091036"/>
        <Attr Name="UsedIn" Val="synthesis"/>
        <Attr Name="UsedIn" Val="implementation"/>
        <Attr Name="UsedIn" Val="simulation"/>
      </FileInfo>
    </File>
    <File Path="$PSRCDIR/sources_1/imports/imports/Desktop/countUD16L.v">
      <FileInfo>
        <Attr Name="ImportPath" Val="$PPRDIR/../../../../../../../../../../../../../../../../../../../../../../../../../../../../../../../../../../../../../../../../../../../../Desktop/Lab6.srcs/sources_1/imports/Desktop/countUD16L.v"/>
        <Attr Name="ImportTime" Val="1550112060"/>
        <Attr Name="UsedIn" Val="synthesis"/>
        <Attr Name="UsedIn" Val="implementation"/>
        <Attr Name="UsedIn" Val="simulation"/>
      </FileInfo>
    </File>
    <File Path="$PSRCDIR/sources_1/imports/new/decoder_4to16.v">
      <FileInfo>
        <Attr Name="ImportPath" Val="$PPRDIR/../../../../Lab 7.srcs/sim_1/new/decoder_4to16.v"/>
        <Attr Name="ImportTime" Val="1552095315"/>
        <Attr Name="UsedIn" Val="synthesis"/>
        <Attr Name="UsedIn" Val="implementation"/>
        <Attr Name="UsedIn" Val="simulation"/>
      </FileInfo>
    </File>
    <File Path="$PSRCDIR/sources_1/new/mux_32to1.v">
      <FileInfo>
        <Attr Name="ImportPath" Val="$PPRDIR/../../../../Lab 7.srcs/sources_1/new/mux_32to1.v"/>
        <Attr Name="ImportTime" Val="1552091191"/>
        <Attr Name="UsedIn" Val="synthesis"/>
        <Attr Name="UsedIn" Val="implementation"/>
        <Attr Name="UsedIn" Val="simulation"/>
      </FileInfo>
    </File>
    <File Path="$PSRCDIR/sources_1/new/Column_Counter.v">
      <FileInfo>
        <Attr Name="ImportPath" Val="$PPRDIR/../../../../../../../../../../../../../../../../../../../../../../../../Lab 7.srcs/sources_1/new/Column_Counter.v"/>
        <Attr Name="ImportTime" Val="1551210316"/>
        <Attr Name="UsedIn" Val="synthesis"/>
        <Attr Name="UsedIn" Val="implementation"/>
        <Attr Name="UsedIn" Val="simulation"/>
      </FileInfo>
    </File>
    <File Path="$PSRCDIR/sources_1/new/Row_Counter.v">
      <FileInfo>
        <Attr Name="ImportPath" Val="$PPRDIR/../../../../../../../../../../../../../../../../../../../../../../../../Lab 7.srcs/sources_1/new/Row_Counter.v"/>
        <Attr Name="ImportTime" Val="1551210300"/>
        <Attr Name="UsedIn" Val="synthesis"/>
        <Attr Name="UsedIn" Val="implementation"/>
        <Attr Name="UsedIn" Val="simulation"/>
      </FileInfo>
    </File>
    <File Path="$PSRCDIR/sources_1/new/slugLives.v">
      <FileInfo>
        <Attr Name="ImportPath" Val="$PPRDIR/../../../../Lab 7.srcs/sources_1/new/slugLives.v"/>
        <Attr Name="ImportTime" Val="1552105198"/>
        <Attr Name="UsedIn" Val="synthesis"/>
        <Attr Name="UsedIn" Val="implementation"/>
        <Attr Name="UsedIn" Val="simulation"/>
      </FileInfo>
    </File>
    <File Path="$PSRCDIR/sources_1/new/drawLetters.v">
      <FileInfo>
        <Attr Name="ImportPath" Val="$PPRDIR/../../../../Lab 7.srcs/sources_1/new/drawLetters.v"/>
        <Attr Name="ImportTime" Val="1552096434"/>
        <Attr Name="UsedIn" Val="synthesis"/>
        <Attr Name="UsedIn" Val="implementation"/>
        <Attr Name="UsedIn" Val="simulation"/>
      </FileInfo>
    </File>
    <File Path="$PSRCDIR/sources_1/imports/Desktop/mux3_1x4.v">
      <FileInfo>
        <Attr Name="ImportPath" Val="$PPRDIR/../../../../../../../../../mux3_1x4.v"/>
        <Attr Name="ImportTime" Val="1550116390"/>
        <Attr Name="UsedIn" Val="synthesis"/>
        <Attr Name="UsedIn" Val="implementation"/>
        <Attr Name="UsedIn" Val="simulation"/>
      </FileInfo>
    </File>
    <File Path="$PSRCDIR/sources_1/new/obstacleStateMachine.v">
      <FileInfo>
        <Attr Name="ImportPath" Val="$PPRDIR/../../../../Lab 7.srcs/sources_1/new/obstacleStateMachine.v"/>
        <Attr Name="ImportTime" Val="1551762176"/>
        <Attr Name="UsedIn" Val="synthesis"/>
        <Attr Name="UsedIn" Val="implementation"/>
        <Attr Name="UsedIn" Val="simulation"/>
      </FileInfo>
    </File>
    <File Path="$PSRCDIR/sources_1/imports/Desktop/Selector.v">
      <FileInfo>
        <Attr Name="ImportPath" Val="$PPRDIR/../../../../../../../../../Selector.v"/>
        <Attr Name="ImportTime" Val="1550695954"/>
        <Attr Name="UsedIn" Val="synthesis"/>
        <Attr Name="UsedIn" Val="implementation"/>
        <Attr Name="UsedIn" Val="simulation"/>
      </FileInfo>
    </File>
    <File Path="$PSRCDIR/sources_1/imports/Desktop/ringCounter.v">
      <FileInfo>
        <Attr Name="ImportPath" Val="$PPRDIR/../../../../../../../../../ringCounter.v"/>
        <Attr Name="ImportTime" Val="1548788948"/>
        <Attr Name="UsedIn" Val="synthesis"/>
        <Attr Name="UsedIn" Val="implementation"/>
        <Attr Name="UsedIn" Val="simulation"/>
      </FileInfo>
    </File>
    <File Path="$PSRCDIR/sources_1/imports/Desktop/hex7seg.v">
      <FileInfo>
        <Attr Name="ImportPath" Val="$PPRDIR/../../../../../../../../../hex7seg.v"/>
        <Attr Name="ImportTime" Val="1550712116"/>
        <Attr Name="UsedIn" Val="synthesis"/>
        <Attr Name="UsedIn" Val="implementation"/>
        <Attr Name="UsedIn" Val="simulation"/>
      </FileInfo>
    </File>
    <File Path="$PSRCDIR/sources_1/imports/Desktop/m2_1x8.v">
      <FileInfo>
        <Attr Name="ImportPath" Val="$PPRDIR/../../../../../../../../../m2_1x8.v"/>
        <Attr Name="ImportTime" Val="1551740781"/>
        <Attr Name="UsedIn" Val="synthesis"/>
        <Attr Name="UsedIn" Val="implementation"/>
        <Attr Name="UsedIn" Val="simulation"/>
      </FileInfo>
    </File>
    <File Path="$PSRCDIR/sources_1/imports/Desktop/Lab5/Lab5.srcs/sources_1/new/timeCounter.v">
      <FileInfo>
        <Attr Name="ImportPath" Val="$PPRDIR/../../../../../../../../../../../../../Lab5/Lab5.srcs/sources_1/new/timeCounter.v"/>
        <Attr Name="ImportTime" Val="1551739923"/>
        <Attr Name="UsedIn" Val="synthesis"/>
        <Attr Name="UsedIn" Val="implementation"/>
        <Attr Name="UsedIn" Val="simulation"/>
      </FileInfo>
    </File>
    <File Path="$PSRCDIR/sources_1/new/slugStateMachine.v">
      <FileInfo>
        <Attr Name="ImportPath" Val="$PPRDIR/../../../../Lab 7.srcs/sources_1/new/slugStateMachine.v"/>
        <Attr Name="ImportTime" Val="1551690825"/>
        <Attr Name="UsedIn" Val="synthesis"/>
        <Attr Name="UsedIn" Val="implementation"/>
        <Attr Name="UsedIn" Val="simulation"/>
      </FileInfo>
    </File>
    <File Path="$PSRCDIR/sources_1/new/obstacleColumn.v">
      <FileInfo>
        <Attr Name="ImportPath" Val="$PPRDIR/../../../../Lab 7.srcs/sources_1/new/obstacleColumn.v"/>
        <Attr Name="ImportTime" Val="1551761836"/>
        <Attr Name="UsedIn" Val="synthesis"/>
        <Attr Name="UsedIn" Val="implementation"/>
        <Attr Name="UsedIn" Val="simulation"/>
      </FileInfo>
    </File>
    <File Path="$PSRCDIR/sources_1/imports/Desktop/LFSR.v">
      <FileInfo>
        <Attr Name="ImportPath" Val="$PPRDIR/../../../../../../../../../../../../../../../../../../../../../../../../../LFSR.v"/>
        <Attr Name="ImportTime" Val="1550021292"/>
        <Attr Name="UsedIn" Val="synthesis"/>
        <Attr Name="UsedIn" Val="implementation"/>
        <Attr Name="UsedIn" Val="simulation"/>
      </FileInfo>
    </File>
    <File Path="$PSRCDIR/sources_1/imports/Desktop/edgeDetector.v">
      <FileInfo>
        <Attr Name="ImportPath" Val="$PPRDIR/../../../../../../../../../../../../../../../../../../../../../../../../../../../../../edgeDetector.v"/>
        <Attr Name="ImportTime" Val="1549422712"/>
        <Attr Name="UsedIn" Val="synthesis"/>
        <Attr Name="UsedIn" Val="implementation"/>
        <Attr Name="UsedIn" Val="simulation"/>
      </FileInfo>
    </File>
    <File Path="$PSRCDIR/sources_1/imports/Desktop/lab7_clks.v">
      <FileInfo>
        <Attr Name="ImportPath" Val="$PPRDIR/../../../../../../../../../../../../../../../../../../../../../../../../../../../../../../../../../../../../../lab7_clks.v"/>
        <Attr Name="ImportTime" Val="1551238502"/>
        <Attr Name="UsedIn" Val="synthesis"/>
        <Attr Name="UsedIn" Val="implementation"/>
        <Attr Name="UsedIn" Val="simulation"/>
      </FileInfo>
    </File>
    <File Path="$PSRCDIR/sources_1/new/LCD_Display.v">
      <FileInfo>
        <Attr Name="ImportPath" Val="$PPRDIR/../../../../../../../../../../../../../../../../../../../../../../../../Lab 7.srcs/sources_1/new/LCD_Display.v"/>
        <Attr Name="ImportTime" Val="1551210309"/>
        <Attr Name="UsedIn" Val="synthesis"/>
        <Attr Name="UsedIn" Val="implementation"/>
        <Attr Name="UsedIn" Val="simulation"/>
      </FileInfo>
    </File>
    <File Path="$PSRCDIR/sources_1/new/top_floppy_slug.v">
      <FileInfo>
        <Attr Name="ImportPath" Val="$PPRDIR/../../../../../../../../../../../../../../../../../../../../../../../../Lab 7.srcs/sources_1/new/top_floppy_slug.v"/>
        <Attr Name="ImportTime" Val="1551210245"/>
        <Attr Name="UsedIn" Val="synthesis"/>
        <Attr Name="UsedIn" Val="implementation"/>
        <Attr Name="UsedIn" Val="simulation"/>
      </FileInfo>
    </File>
    <File Path="$PSRCDIR/sources_1/imports/Desktop/Lab 7/archive_project_summary.txt">
      <FileInfo>
        <Attr Name="ImportPath" Val="$PPRDIR/../../../../archive_project_summary.txt"/>
        <Attr Name="ImportTime" Val="1551692440"/>
      </FileInfo>
    </File>
    <File Path="$PSRCDIR/sources_1/imports/Lab 7/archive_project_summary.txt">
      <FileInfo>
        <Attr Name="ImportPath" Val="$PPRDIR/../../../../archive_project_summary.txt"/>
        <Attr Name="ImportTime" Val="1551779392"/>
      </FileInfo>
    </File>
    <Config>
      <Option Name="DesignMode" Val="RTL"/>
      <Option Name="TopModule" Val="top_floppy_slug"/>
      <Option Name="TopAutoSet" Val="TRUE"/>
    </Config>
  </FileSet>
  <FileSet Name="constrs_in" Type="Constrs" RelSrcDir="$PSRCDIR/constrs_1">
    <Filter Type="Constrs"/>
    <File Path="$PSRCDIR/constrs_1/imports/Desktop/CE 100_Basys3_Master.xdc">
      <FileInfo>
        <Attr Name="ImportPath" Val="$PPRDIR/../../../../../../../../../../../../../../../../../../../../../../../../../../../../../../../../../../../../../CE 100_Basys3_Master.xdc"/>
        <Attr Name="ImportTime" Val="1551206729"/>
        <Attr Name="UsedIn" Val="synthesis"/>
        <Attr Name="UsedIn" Val="implementation"/>
      </FileInfo>
    </File>
    <Config>
      <Option Name="ConstrsType" Val="XDC"/>
    </Config>
  </FileSet>
  <Strategy Version="1" Minor="2">
    <StratHandle Name="Vivado Synthesis Defaults" Flow="Vivado Synthesis 2016"/>
    <Step Id="synth_design"/>
  </Strategy>
</GenRun>
