<?xml version="1.0" encoding="UTF-8"?>
<GenRun Id="impl_1" LaunchPart="xc7a35tcpg236-1" LaunchTime="1552105754">
  <File Type="ROUTE-PWR-RPX" Name="top_floppy_slug_power_routed.rpx"/>
  <File Type="PA-TCL" Name="top_floppy_slug.tcl"/>
  <File Type="INIT-TIMING" Name="top_floppy_slug_timing_summary_init.rpt"/>
  <File Type="OPT-METHODOLOGY-DRC" Name="top_floppy_slug_methodology_drc_opted.rpt"/>
  <File Type="PWROPT-DRC" Name="top_floppy_slug_drc_pwropted.rpt"/>
  <File Type="RDI-RDI" Name="top_floppy_slug.vdi"/>
  <File Type="OPT-DCP" Name="top_floppy_slug_opt.dcp"/>
  <File Type="OPT-HWDEF" Name="top_floppy_slug.hwdef"/>
  <File Type="OPT-DRC" Name="top_floppy_slug_drc_opted.rpt"/>
  <File Type="OPT-TIMING" Name="top_floppy_slug_timing_summary_opted.rpt"/>
  <File Type="PWROPT-DCP" Name="top_floppy_slug_pwropt.dcp"/>
  <File Type="PWROPT-TIMING" Name="top_floppy_slug_timing_summary_pwropted.rpt"/>
  <File Type="PLACE-DCP" Name="top_floppy_slug_placed.dcp"/>
  <File Type="PLACE-IO" Name="top_floppy_slug_io_placed.rpt"/>
  <File Type="PLACE-CLK" Name="top_floppy_slug_clock_utilization_placed.rpt"/>
  <File Type="PLACE-UTIL" Name="top_floppy_slug_utilization_placed.rpt"/>
  <File Type="PLACE-UTIL-PB" Name="top_floppy_slug_utilization_placed.pb"/>
  <File Type="PLACE-CTRL" Name="top_floppy_slug_control_sets_placed.rpt"/>
  <File Type="PLACE-SIMILARITY" Name="top_floppy_slug_incremental_reuse_placed.rpt"/>
  <File Type="PLACE-PRE-SIMILARITY" Name="top_floppy_slug_incremental_reuse_pre_placed.rpt"/>
  <File Type="PLACE-TIMING" Name="top_floppy_slug_timing_summary_placed.rpt"/>
  <File Type="POSTPLACE-PWROPT-DCP" Name="top_floppy_slug_postplace_pwropt.dcp"/>
  <File Type="POSTPLACE-PWROPT-TIMING" Name="top_floppy_slug_timing_summary_postplace_pwropted.rpt"/>
  <File Type="PHYSOPT-DCP" Name="top_floppy_slug_physopt.dcp"/>
  <File Type="PHYSOPT-DRC" Name="top_floppy_slug_drc_physopted.rpt"/>
  <File Type="PHYSOPT-TIMING" Name="top_floppy_slug_timing_summary_physopted.rpt"/>
  <File Type="ROUTE-ERROR-DCP" Name="top_floppy_slug_routed_error.dcp"/>
  <File Type="ROUTE-DCP" Name="top_floppy_slug_routed.dcp"/>
  <File Type="ROUTE-BLACKBOX-DCP" Name="top_floppy_slug_routed_bb.dcp"/>
  <File Type="ROUTE-DRC" Name="top_floppy_slug_drc_routed.rpt"/>
  <File Type="ROUTE-DRC-PB" Name="top_floppy_slug_drc_routed.pb"/>
  <File Type="ROUTE-DRC-RPX" Name="top_floppy_slug_drc_routed.rpx"/>
  <File Type="BG-BIN" Name="top_floppy_slug.bin"/>
  <File Type="ROUTE-METHODOLOGY-DRC" Name="top_floppy_slug_methodology_drc_routed.rpt"/>
  <File Type="BG-DRC" Name="top_floppy_slug.drc"/>
  <File Type="ROUTE-METHODOLOGY-DRC-RPX" Name="top_floppy_slug_methodology_drc_routed.rpx"/>
  <File Type="BITSTR-MSK" Name="top_floppy_slug.msk"/>
  <File Type="ROUTE-METHODOLOGY-DRC-PB" Name="top_floppy_slug_methodology_drc_routed.pb"/>
  <File Type="BG-BGN" Name="top_floppy_slug.bgn"/>
  <File Type="ROUTE-PWR" Name="top_floppy_slug_power_routed.rpt"/>
  <File Type="ROUTE-PWR-SUM" Name="top_floppy_slug_power_summary_routed.pb"/>
  <File Type="ROUTE-STATUS" Name="top_floppy_slug_route_status.rpt"/>
  <File Type="ROUTE-STATUS-PB" Name="top_floppy_slug_route_status.pb"/>
  <File Type="ROUTE-TIMINGSUMMARY" Name="top_floppy_slug_timing_summary_routed.rpt"/>
  <File Type="ROUTE-TIMING-PB" Name="top_floppy_slug_timing_summary_routed.pb"/>
  <File Type="ROUTE-TIMING-RPX" Name="top_floppy_slug_timing_summary_routed.rpx"/>
  <File Type="ROUTE-SIMILARITY" Name="top_floppy_slug_incremental_reuse_routed.rpt"/>
  <File Type="ROUTE-CLK" Name="top_floppy_slug_clock_utilization_routed.rpt"/>
  <File Type="POSTROUTE-PHYSOPT-DCP" Name="top_floppy_slug_postroute_physopt.dcp"/>
  <File Type="POSTROUTE-PHYSOPT-BLACKBOX-DCP" Name="top_floppy_slug_postroute_physopt_bb.dcp"/>
  <File Type="POSTROUTE-PHYSOPT-TIMING" Name="top_floppy_slug_timing_summary_postroute_physopted.rpt"/>
  <File Type="POSTROUTE-PHYSOPT-TIMING-PB" Name="top_floppy_slug_timing_summary_postroute_physopted.pb"/>
  <File Type="POSTROUTE-PHYSOPT-TIMING-RPX" Name="top_floppy_slug_timing_summary_postroute_physopted.rpx"/>
  <File Type="BG-BIT" Name="top_floppy_slug.bit"/>
  <File Type="BITSTR-RBT" Name="top_floppy_slug.rbt"/>
  <File Type="BITSTR-NKY" Name="top_floppy_slug.nky"/>
  <File Type="BITSTR-BMM" Name="top_floppy_slug_bd.bmm"/>
  <File Type="BITSTR-MMI" Name="top_floppy_slug.mmi"/>
  <File Type="BITSTR-SYSDEF" Name="top_floppy_slug.sysdef"/>
  <File Type="WBT-USG" Name="usage_statistics_webtalk.html"/>
  <FileSet Name="sources" Type="DesignSrcs" RelSrcDir="$PSRCDIR/sources_1">
    <Filter Type="Srcs"/>
    <File Path="$PSRCDIR/sources_1/imports/new/Register_4bit.v">
      <FileInfo>
        <Attr Name="ImportPath" Val="$PPRDIR/../../../../../../../../../../../../../../../../../../../../../../../../../../../../../../../../../../../../../../../../../../../../Desktop/Lab6.srcs/sources_1/imports/new/Register_4bit.v"/>
        <Attr Name="ImportTime" Val="1548877608"/>
        <Attr Name="UsedIn" Val="synthesis"/>
        <Attr Name="UsedIn" Val="implementation"/>
        <Attr Name="UsedIn" Val="simulation"/>
      </FileInfo>
    </File>
    <File Path="$PSRCDIR/sources_1/imports/new/m3_1x4.v">
      <FileInfo>
        <Attr Name="ImportPath" Val="$PPRDIR/../../../../../../../../../../../../../../../../../../../../../../../../../../../../../../../../../../../../../../../../../../../../Desktop/Lab6.srcs/sources_1/imports/new/m3_1x4.v"/>
        <Attr Name="ImportTime" Val="1549413542"/>
        <Attr Name="UsedIn" Val="synthesis"/>
        <Attr Name="UsedIn" Val="implementation"/>
        <Attr Name="UsedIn" Val="simulation"/>
      </FileInfo>
    </File>
    <File Path="$PSRCDIR/sources_1/imports/imports/new/countUD4L.v">
      <FileInfo>
        <Attr Name="ImportPath" Val="$PPRDIR/../../../../../../../../../../../../../../../../../../../../../../../../../../../../../../../../../../../../../../../../../../../../Desktop/Lab6.srcs/sources_1/imports/new/countUD4L.v"/>
        <Attr Name="ImportTime" Val="1550111746"/>
        <Attr Name="UsedIn" Val="synthesis"/>
        <Attr Name="UsedIn" Val="implementation"/>
        <Attr Name="UsedIn" Val="simulation"/>
      </FileInfo>
    </File>
    <File Path="$PSRCDIR/sources_1/imports/new/m8_1e.v">
      <FileInfo>
        <Attr Name="ImportPath" Val="$PPRDIR/../../../../../../../../../../../../../Lab6/Lab6.srcs/sources_1/imports/new/m8_1e.v"/>
        <Attr Name="ImportTime" Val="1548303256"/>
        <Attr Name="UsedIn" Val="synthesis"/>
        <Attr Name="UsedIn" Val="implementation"/>
        <Attr Name="UsedIn" Val="simulation"/>
      </FileInfo>
    </File>
    <File Path="$PSRCDIR/sources_1/new/mux_16to1.v">
      <FileInfo>
        <Attr Name="ImportPath" Val="$PPRDIR/../../../../Lab 7.srcs/sources_1/new/mux_16to1.v"/>
        <Attr Name="ImportTime" Val="1552091036"/>
        <Attr Name="UsedIn" Val="synthesis"/>
        <Attr Name="UsedIn" Val="implementation"/>
        <Attr Name="UsedIn" Val="simulation"/>
      </FileInfo>
    </File>
    <File Path="$PSRCDIR/sources_1/imports/imports/Desktop/countUD16L.v">
      <FileInfo>
        <Attr Name="ImportPath" Val="$PPRDIR/../../../../../../../../../../../../../../../../../../../../../../../../../../../../../../../../../../../../../../../../../../../../Desktop/Lab6.srcs/sources_1/imports/Desktop/countUD16L.v"/>
        <Attr Name="ImportTime" Val="1550112060"/>
        <Attr Name="UsedIn" Val="synthesis"/>
        <Attr Name="UsedIn" Val="implementation"/>
        <Attr Name="UsedIn" Val="simulation"/>
      </FileInfo>
    </File>
    <File Path="$PSRCDIR/sources_1/imports/new/decoder_4to16.v">
      <FileInfo>
        <Attr Name="ImportPath" Val="$PPRDIR/../../../../Lab 7.srcs/sim_1/new/decoder_4to16.v"/>
        <Attr Name="ImportTime" Val="1552095315"/>
        <Attr Name="UsedIn" Val="synthesis"/>
        <Attr Name="UsedIn" Val="implementation"/>
        <Attr Name="UsedIn" Val="simulation"/>
      </FileInfo>
    </File>
    <File Path="$PSRCDIR/sources_1/new/mux_32to1.v">
      <FileInfo>
        <Attr Name="ImportPath" Val="$PPRDIR/../../../../Lab 7.srcs/sources_1/new/mux_32to1.v"/>
        <Attr Name="ImportTime" Val="1552091191"/>
        <Attr Name="UsedIn" Val="synthesis"/>
        <Attr Name="UsedIn" Val="implementation"/>
        <Attr Name="UsedIn" Val="simulation"/>
      </FileInfo>
    </File>
    <File Path="$PSRCDIR/sources_1/new/Column_Counter.v">
      <FileInfo>
        <Attr Name="ImportPath" Val="$PPRDIR/../../../../../../../../../../../../../../../../../../../../../../../../Lab 7.srcs/sources_1/new/Column_Counter.v"/>
        <Attr Name="ImportTime" Val="1551210316"/>
        <Attr Name="UsedIn" Val="synthesis"/>
        <Attr Name="UsedIn" Val="implementation"/>
        <Attr Name="UsedIn" Val="simulation"/>
      </FileInfo>
    </File>
    <File Path="$PSRCDIR/sources_1/new/Row_Counter.v">
      <FileInfo>
        <Attr Name="ImportPath" Val="$PPRDIR/../../../../../../../../../../../../../../../../../../../../../../../../Lab 7.srcs/sources_1/new/Row_Counter.v"/>
        <Attr Name="ImportTime" Val="1551210300"/>
        <Attr Name="UsedIn" Val="synthesis"/>
        <Attr Name="UsedIn" Val="implementation"/>
        <Attr Name="UsedIn" Val="simulation"/>
      </FileInfo>
    </File>
    <File Path="$PSRCDIR/sources_1/new/slugLives.v">
      <FileInfo>
        <Attr Name="ImportPath" Val="$PPRDIR/../../../../Lab 7.srcs/sources_1/new/slugLives.v"/>
        <Attr Name="ImportTime" Val="1552105198"/>
        <Attr Name="UsedIn" Val="synthesis"/>
        <Attr Name="UsedIn" Val="implementation"/>
        <Attr Name="UsedIn" Val="simulation"/>
      </FileInfo>
    </File>
    <File Path="$PSRCDIR/sources_1/new/drawLetters.v">
      <FileInfo>
        <Attr Name="ImportPath" Val="$PPRDIR/../../../../Lab 7.srcs/sources_1/new/drawLetters.v"/>
        <Attr Name="ImportTime" Val="1552096434"/>
        <Attr Name="UsedIn" Val="synthesis"/>
        <Attr Name="UsedIn" Val="implementation"/>
        <Attr Name="UsedIn" Val="simulation"/>
      </FileInfo>
    </File>
    <File Path="$PSRCDIR/sources_1/imports/Desktop/mux3_1x4.v">
      <FileInfo>
        <Attr Name="ImportPath" Val="$PPRDIR/../../../../../../../../../mux3_1x4.v"/>
        <Attr Name="ImportTime" Val="1550116390"/>
        <Attr Name="UsedIn" Val="synthesis"/>
        <Attr Name="UsedIn" Val="implementation"/>
        <Attr Name="UsedIn" Val="simulation"/>
      </FileInfo>
    </File>
    <File Path="$PSRCDIR/sources_1/new/obstacleStateMachine.v">
      <FileInfo>
        <Attr Name="ImportPath" Val="$PPRDIR/../../../../Lab 7.srcs/sources_1/new/obstacleStateMachine.v"/>
        <Attr Name="ImportTime" Val="1551762176"/>
        <Attr Name="UsedIn" Val="synthesis"/>
        <Attr Name="UsedIn" Val="implementation"/>
        <Attr Name="UsedIn" Val="simulation"/>
      </FileInfo>
    </File>
    <File Path="$PSRCDIR/sources_1/imports/Desktop/Selector.v">
      <FileInfo>
        <Attr Name="ImportPath" Val="$PPRDIR/../../../../../../../../../Selector.v"/>
        <Attr Name="ImportTime" Val="1550695954"/>
        <Attr Name="UsedIn" Val="synthesis"/>
        <Attr Name="UsedIn" Val="implementation"/>
        <Attr Name="UsedIn" Val="simulation"/>
      </FileInfo>
    </File>
    <File Path="$PSRCDIR/sources_1/imports/Desktop/ringCounter.v">
      <FileInfo>
        <Attr Name="ImportPath" Val="$PPRDIR/../../../../../../../../../ringCounter.v"/>
        <Attr Name="ImportTime" Val="1548788948"/>
        <Attr Name="UsedIn" Val="synthesis"/>
        <Attr Name="UsedIn" Val="implementation"/>
        <Attr Name="UsedIn" Val="simulation"/>
      </FileInfo>
    </File>
    <File Path="$PSRCDIR/sources_1/imports/Desktop/hex7seg.v">
      <FileInfo>
        <Attr Name="ImportPath" Val="$PPRDIR/../../../../../../../../../hex7seg.v"/>
        <Attr Name="ImportTime" Val="1550712116"/>
        <Attr Name="UsedIn" Val="synthesis"/>
        <Attr Name="UsedIn" Val="implementation"/>
        <Attr Name="UsedIn" Val="simulation"/>
      </FileInfo>
    </File>
    <File Path="$PSRCDIR/sources_1/imports/Desktop/m2_1x8.v">
      <FileInfo>
        <Attr Name="ImportPath" Val="$PPRDIR/../../../../../../../../../m2_1x8.v"/>
        <Attr Name="ImportTime" Val="1551740781"/>
        <Attr Name="UsedIn" Val="synthesis"/>
        <Attr Name="UsedIn" Val="implementation"/>
        <Attr Name="UsedIn" Val="simulation"/>
      </FileInfo>
    </File>
    <File Path="$PSRCDIR/sources_1/imports/Desktop/Lab5/Lab5.srcs/sources_1/new/timeCounter.v">
      <FileInfo>
        <Attr Name="ImportPath" Val="$PPRDIR/../../../../../../../../../../../../../Lab5/Lab5.srcs/sources_1/new/timeCounter.v"/>
        <Attr Name="ImportTime" Val="1551739923"/>
        <Attr Name="UsedIn" Val="synthesis"/>
        <Attr Name="UsedIn" Val="implementation"/>
        <Attr Name="UsedIn" Val="simulation"/>
      </FileInfo>
    </File>
    <File Path="$PSRCDIR/sources_1/new/slugStateMachine.v">
      <FileInfo>
        <Attr Name="ImportPath" Val="$PPRDIR/../../../../Lab 7.srcs/sources_1/new/slugStateMachine.v"/>
        <Attr Name="ImportTime" Val="1551690825"/>
        <Attr Name="UsedIn" Val="synthesis"/>
        <Attr Name="UsedIn" Val="implementation"/>
        <Attr Name="UsedIn" Val="simulation"/>
      </FileInfo>
    </File>
    <File Path="$PSRCDIR/sources_1/new/obstacleColumn.v">
      <FileInfo>
        <Attr Name="ImportPath" Val="$PPRDIR/../../../../Lab 7.srcs/sources_1/new/obstacleColumn.v"/>
        <Attr Name="ImportTime" Val="1551761836"/>
        <Attr Name="UsedIn" Val="synthesis"/>
        <Attr Name="UsedIn" Val="implementation"/>
        <Attr Name="UsedIn" Val="simulation"/>
      </FileInfo>
    </File>
    <File Path="$PSRCDIR/sources_1/imports/Desktop/LFSR.v">
      <FileInfo>
        <Attr Name="ImportPath" Val="$PPRDIR/../../../../../../../../../../../../../../../../../../../../../../../../../LFSR.v"/>
        <Attr Name="ImportTime" Val="1550021292"/>
        <Attr Name="UsedIn" Val="synthesis"/>
        <Attr Name="UsedIn" Val="implementation"/>
        <Attr Name="UsedIn" Val="simulation"/>
      </FileInfo>
    </File>
    <File Path="$PSRCDIR/sources_1/imports/Desktop/edgeDetector.v">
      <FileInfo>
        <Attr Name="ImportPath" Val="$PPRDIR/../../../../../../../../../../../../../../../../../../../../../../../../../../../../../edgeDetector.v"/>
        <Attr Name="ImportTime" Val="1549422712"/>
        <Attr Name="UsedIn" Val="synthesis"/>
        <Attr Name="UsedIn" Val="implementation"/>
        <Attr Name="UsedIn" Val="simulation"/>
      </FileInfo>
    </File>
    <File Path="$PSRCDIR/sources_1/imports/Desktop/lab7_clks.v">
      <FileInfo>
        <Attr Name="ImportPath" Val="$PPRDIR/../../../../../../../../../../../../../../../../../../../../../../../../../../../../../../../../../../../../../lab7_clks.v"/>
        <Attr Name="ImportTime" Val="1551238502"/>
        <Attr Name="UsedIn" Val="synthesis"/>
        <Attr Name="UsedIn" Val="implementation"/>
        <Attr Name="UsedIn" Val="simulation"/>
      </FileInfo>
    </File>
    <File Path="$PSRCDIR/sources_1/new/LCD_Display.v">
      <FileInfo>
        <Attr Name="ImportPath" Val="$PPRDIR/../../../../../../../../../../../../../../../../../../../../../../../../Lab 7.srcs/sources_1/new/LCD_Display.v"/>
        <Attr Name="ImportTime" Val="1551210309"/>
        <Attr Name="UsedIn" Val="synthesis"/>
        <Attr Name="UsedIn" Val="implementation"/>
        <Attr Name="UsedIn" Val="simulation"/>
      </FileInfo>
    </File>
    <File Path="$PSRCDIR/sources_1/new/top_floppy_slug.v">
      <FileInfo>
        <Attr Name="ImportPath" Val="$PPRDIR/../../../../../../../../../../../../../../../../../../../../../../../../Lab 7.srcs/sources_1/new/top_floppy_slug.v"/>
        <Attr Name="ImportTime" Val="1551210245"/>
        <Attr Name="UsedIn" Val="synthesis"/>
        <Attr Name="UsedIn" Val="implementation"/>
        <Attr Name="UsedIn" Val="simulation"/>
      </FileInfo>
    </File>
    <File Path="$PSRCDIR/sources_1/imports/Desktop/Lab 7/archive_project_summary.txt">
      <FileInfo>
        <Attr Name="ImportPath" Val="$PPRDIR/../../../../archive_project_summary.txt"/>
        <Attr Name="ImportTime" Val="1551692440"/>
      </FileInfo>
    </File>
    <File Path="$PSRCDIR/sources_1/imports/Lab 7/archive_project_summary.txt">
      <FileInfo>
        <Attr Name="ImportPath" Val="$PPRDIR/../../../../archive_project_summary.txt"/>
        <Attr Name="ImportTime" Val="1551779392"/>
      </FileInfo>
    </File>
    <Config>
      <Option Name="DesignMode" Val="RTL"/>
      <Option Name="TopModule" Val="top_floppy_slug"/>
      <Option Name="TopAutoSet" Val="TRUE"/>
    </Config>
  </FileSet>
  <FileSet Name="constrs_in" Type="Constrs" RelSrcDir="$PSRCDIR/constrs_1">
    <Filter Type="Constrs"/>
    <File Path="$PSRCDIR/constrs_1/imports/Desktop/CE 100_Basys3_Master.xdc">
      <FileInfo>
        <Attr Name="ImportPath" Val="$PPRDIR/../../../../../../../../../../../../../../../../../../../../../../../../../../../../../../../../../../../../../CE 100_Basys3_Master.xdc"/>
        <Attr Name="ImportTime" Val="1551206729"/>
        <Attr Name="UsedIn" Val="synthesis"/>
        <Attr Name="UsedIn" Val="implementation"/>
      </FileInfo>
    </File>
    <Config>
      <Option Name="ConstrsType" Val="XDC"/>
    </Config>
  </FileSet>
  <Strategy Version="1" Minor="2">
    <StratHandle Name="Vivado Implementation Defaults" Flow="Vivado Implementation 2016"/>
    <Step Id="init_design"/>
    <Step Id="opt_design"/>
    <Step Id="power_opt_design"/>
    <Step Id="place_design"/>
    <Step Id="post_place_power_opt_design"/>
    <Step Id="phys_opt_design"/>
    <Step Id="route_design"/>
    <Step Id="post_route_phys_opt_design"/>
    <Step Id="write_bitstream"/>
  </Strategy>
</GenRun>
