<?xml version="1.0" encoding="UTF-8"?>
<GenRun Id="impl_1" LaunchPart="xc7a35tcpg236-1" LaunchTime="1546982926">
  <File Type="ROUTE-PWR-RPX" Name="myAND_power_routed.rpx"/>
  <File Type="PA-TCL" Name="myAND.tcl"/>
  <File Type="INIT-TIMING" Name="myAND_timing_summary_init.rpt"/>
  <File Type="OPT-METHODOLOGY-DRC" Name="myAND_methodology_drc_opted.rpt"/>
  <File Type="PWROPT-DRC" Name="myAND_drc_pwropted.rpt"/>
  <File Type="RDI-RDI" Name="myAND.vdi"/>
  <File Type="OPT-DCP" Name="myAND_opt.dcp"/>
  <File Type="OPT-HWDEF" Name="myAND.hwdef"/>
  <File Type="OPT-DRC" Name="myAND_drc_opted.rpt"/>
  <File Type="OPT-TIMING" Name="myAND_timing_summary_opted.rpt"/>
  <File Type="PWROPT-DCP" Name="myAND_pwropt.dcp"/>
  <File Type="PWROPT-TIMING" Name="myAND_timing_summary_pwropted.rpt"/>
  <File Type="PLACE-DCP" Name="myAND_placed.dcp"/>
  <File Type="PLACE-IO" Name="myAND_io_placed.rpt"/>
  <File Type="PLACE-CLK" Name="myAND_clock_utilization_placed.rpt"/>
  <File Type="PLACE-UTIL" Name="myAND_utilization_placed.rpt"/>
  <File Type="PLACE-UTIL-PB" Name="myAND_utilization_placed.pb"/>
  <File Type="PLACE-CTRL" Name="myAND_control_sets_placed.rpt"/>
  <File Type="PLACE-SIMILARITY" Name="myAND_incremental_reuse_placed.rpt"/>
  <File Type="PLACE-PRE-SIMILARITY" Name="myAND_incremental_reuse_pre_placed.rpt"/>
  <File Type="PLACE-TIMING" Name="myAND_timing_summary_placed.rpt"/>
  <File Type="POSTPLACE-PWROPT-DCP" Name="myAND_postplace_pwropt.dcp"/>
  <File Type="POSTPLACE-PWROPT-TIMING" Name="myAND_timing_summary_postplace_pwropted.rpt"/>
  <File Type="PHYSOPT-DCP" Name="myAND_physopt.dcp"/>
  <File Type="PHYSOPT-DRC" Name="myAND_drc_physopted.rpt"/>
  <File Type="PHYSOPT-TIMING" Name="myAND_timing_summary_physopted.rpt"/>
  <File Type="ROUTE-ERROR-DCP" Name="myAND_routed_error.dcp"/>
  <File Type="ROUTE-DCP" Name="myAND_routed.dcp"/>
  <File Type="ROUTE-BLACKBOX-DCP" Name="myAND_routed_bb.dcp"/>
  <File Type="ROUTE-DRC" Name="myAND_drc_routed.rpt"/>
  <File Type="ROUTE-DRC-PB" Name="myAND_drc_routed.pb"/>
  <File Type="ROUTE-DRC-RPX" Name="myAND_drc_routed.rpx"/>
  <File Type="BG-BIN" Name="myAND.bin"/>
  <File Type="ROUTE-METHODOLOGY-DRC" Name="myAND_methodology_drc_routed.rpt"/>
  <File Type="BG-DRC" Name="myAND.drc"/>
  <File Type="ROUTE-METHODOLOGY-DRC-RPX" Name="myAND_methodology_drc_routed.rpx"/>
  <File Type="BITSTR-MSK" Name="myAND.msk"/>
  <File Type="ROUTE-METHODOLOGY-DRC-PB" Name="myAND_methodology_drc_routed.pb"/>
  <File Type="BG-BGN" Name="myAND.bgn"/>
  <File Type="ROUTE-PWR" Name="myAND_power_routed.rpt"/>
  <File Type="ROUTE-PWR-SUM" Name="myAND_power_summary_routed.pb"/>
  <File Type="ROUTE-STATUS" Name="myAND_route_status.rpt"/>
  <File Type="ROUTE-STATUS-PB" Name="myAND_route_status.pb"/>
  <File Type="ROUTE-TIMINGSUMMARY" Name="myAND_timing_summary_routed.rpt"/>
  <File Type="ROUTE-TIMING-PB" Name="myAND_timing_summary_routed.pb"/>
  <File Type="ROUTE-TIMING-RPX" Name="myAND_timing_summary_routed.rpx"/>
  <File Type="ROUTE-SIMILARITY" Name="myAND_incremental_reuse_routed.rpt"/>
  <File Type="ROUTE-CLK" Name="myAND_clock_utilization_routed.rpt"/>
  <File Type="POSTROUTE-PHYSOPT-DCP" Name="myAND_postroute_physopt.dcp"/>
  <File Type="POSTROUTE-PHYSOPT-BLACKBOX-DCP" Name="myAND_postroute_physopt_bb.dcp"/>
  <File Type="POSTROUTE-PHYSOPT-TIMING" Name="myAND_timing_summary_postroute_physopted.rpt"/>
  <File Type="POSTROUTE-PHYSOPT-TIMING-PB" Name="myAND_timing_summary_postroute_physopted.pb"/>
  <File Type="POSTROUTE-PHYSOPT-TIMING-RPX" Name="myAND_timing_summary_postroute_physopted.rpx"/>
  <File Type="BG-BIT" Name="myAND.bit"/>
  <File Type="BITSTR-RBT" Name="myAND.rbt"/>
  <File Type="BITSTR-NKY" Name="myAND.nky"/>
  <File Type="BITSTR-BMM" Name="myAND_bd.bmm"/>
  <File Type="BITSTR-MMI" Name="myAND.mmi"/>
  <File Type="BITSTR-SYSDEF" Name="myAND.sysdef"/>
  <File Type="WBT-USG" Name="usage_statistics_webtalk.html"/>
  <FileSet Name="sources" Type="DesignSrcs" RelSrcDir="$PSRCDIR/sources_1">
    <Filter Type="Srcs"/>
    <File Path="$PSRCDIR/sources_1/new/myAND.v">
      <FileInfo>
        <Attr Name="ImportPath" Val="$PPRDIR/../../../../../../../../HelloWorld.srcs/sources_1/new/myAND.v"/>
        <Attr Name="ImportTime" Val="1546976047"/>
        <Attr Name="UsedIn" Val="synthesis"/>
        <Attr Name="UsedIn" Val="implementation"/>
        <Attr Name="UsedIn" Val="simulation"/>
      </FileInfo>
    </File>
    <File Path="$PSRCDIR/sources_1/imports/HelloWorld/archive_project_summary.txt">
      <FileInfo>
        <Attr Name="ImportPath" Val="$PPRDIR/../../../../archive_project_summary.txt"/>
        <Attr Name="ImportTime" Val="1546980234"/>
      </FileInfo>
    </File>
    <Config>
      <Option Name="DesignMode" Val="RTL"/>
      <Option Name="TopModule" Val="myAND"/>
      <Option Name="TopAutoSet" Val="TRUE"/>
    </Config>
  </FileSet>
  <FileSet Name="constrs_in" Type="Constrs" RelSrcDir="$PSRCDIR/constrs_1">
    <Filter Type="Constrs"/>
    <File Path="$PSRCDIR/constrs_1/imports/Desktop/Basys3_Master.xdc">
      <FileInfo>
        <Attr Name="ImportPath" Val="$PPRDIR/../../../../../../../../../Basys3_Master.xdc"/>
        <Attr Name="ImportTime" Val="1546974477"/>
        <Attr Name="UsedIn" Val="synthesis"/>
        <Attr Name="UsedIn" Val="implementation"/>
      </FileInfo>
    </File>
    <Config>
      <Option Name="ConstrsType" Val="XDC"/>
    </Config>
  </FileSet>
  <Strategy Version="1" Minor="2">
    <StratHandle Name="Vivado Implementation Defaults" Flow="Vivado Implementation 2016"/>
    <Step Id="init_design"/>
    <Step Id="opt_design"/>
    <Step Id="power_opt_design"/>
    <Step Id="place_design"/>
    <Step Id="post_place_power_opt_design"/>
    <Step Id="phys_opt_design"/>
    <Step Id="route_design"/>
    <Step Id="post_route_phys_opt_design"/>
    <Step Id="write_bitstream"/>
  </Strategy>
</GenRun>
